title,price,rating,reviews,availability
Sony Original Playstation One Console (Renewed),$89.99 ,3.8 out of 5 stars,440 ratings,
"Sony Playstation 3 160GB CECH-3001A, Console Only (Renewed)",$149.99 ,4.1 out of 5 stars,378 ratings,Only 4 left in stock - order soon.
Sony PlayStation 2 Console - Black (Renewed),$154.20 ,4.1 out of 5 stars,"1,515 ratings",
Sony PlayStation 4 Console 1TB - Black (Renewed),$210.99 ,4.0 out of 5 stars,10 ratings,Only 1 left in stock - order soon.
Sony PlayStation 4 Pro 1TB Premium Bundle (Renewed),$269.99 ,4.0 out of 5 stars,1 rating,
"Playstation Sony 4, 500GB Slim System [CUH-2215AB01], Black, 3003347",New & Used (10) from,4.4 out of 5 stars,370 ratings,Only 8 left in stock - order soon.
PlayStation 4 Pro 1TB Limited Edition Console - God of War Bundle [Discontinued],Used (11) from,4.2 out of 5 stars,393 ratings,Only 1 left in stock - order soon.
PlayStation 4 Slim 500GB Console [Discontinued],Used (14) from,4.5 out of 5 stars,"1,914 ratings",Only 3 left in stock - order soon.
Sony Playstation 4 Slim(CUH-2215B) 1TB Core with Starter Pack Bundle-(Jet Black),Used (2) from,3.8 out of 5 stars,31 ratings,Only 4 left in stock - order soon.
Sony PlayStation 4 Pro 1TB Console - Black (PS4 Pro),Used (25) from,4.4 out of 5 stars,"4,140 ratings",
PlayStation 4 Slim 1TB Console,Used (3) from,4.3 out of 5 stars,310 ratings,Only 1 left in stock - order soon.
PlayStation 4 1TB Console - Call of Duty: Black Ops 3 Limited Edition Bundle [Discontinued],Used (3) from,4.6 out of 5 stars,901 ratings,Only 1 left in stock - order soon.
PlayStation 4 Slim 1TB Console - Marvel's Spider-Man Bundle [Discontinued],Used (4) from,4.7 out of 5 stars,"2,820 ratings",Only 11 left in stock - order soon.
PlayStation 4 500GB Console - Call of Duty Black Ops III Bundle [Discontinued],Used (5) from,4.6 out of 5 stars,"2,005 ratings",Only 6 left in stock - order soon.
Sony Playstation PS4 1TB Black Console,Used (8) from,4.7 out of 5 stars,"1,554 ratings",
PlayStation 4 Slim 1TB Limited Edition Console - Call of Duty WWII Bundle [Discontinued],Used (9) from,4.4 out of 5 stars,738 ratings,Only 1 left in stock - order soon.
PlayStation®4 Console – Call of Duty® Modern Warfare II Bundle,,4.5 out of 5 stars,116 ratings,In Stock
$250 PlayStation Store Gift Card [Digital Code],,4.6 out of 5 stars,"253,044 ratings",Available now
"PS4 Controller Charger Dock Station, OIVO 1.8Hrs PS4 Controller Charging Dock, Charging Station Replacement for PlayStation 4 Dualshock 4 Charger",,4.7 out of 5 stars,"39,483 ratings",In Stock
"PDP Phantom Air Dual-Mode Wireless Headset: White - PlayStation 5, PlayStation 4, & Windows 10/11 PC",,Previous page of related Sponsored Products,,In Stock
"UnionSine 500GB 2.5"" Ultra Slim Portable External Hard Drive HDD-USB 3.0 for PC, Mac, Laptop, PS4, Xbox one,Xbox 360-HD-2510(Black)",,4.5 out of 5 stars,"42,919 ratings",In Stock
"LED Wireless Controller for PS4, RGB Lighting Gamepad for Playstation 4/PS4 Slim/PS4 Pro with Turbo/6-Axis Motion Sensor/1200mAh Battery/3.5mm Audio Jack - Black",,4.1 out of 5 stars,44 ratings,In Stock
